{"cameraMode":{"drawMode":0,"name":"Shaded","section":"Shading Mode"},"sceneLighting":false,"audioPlay":false,"sceneViewState":{"showFog":true,"showMaterialUpdate":false,"showSkybox":false,"showFlares":true,"showImageEffects":true,"showParticleSystems":true},"in2DMode":false,"pivot":{"x":-0.945870578289032,"y":-1.0581817626953126,"z":0.2904214859008789},"rotation":{"x":-0.09603152424097061,"y":-0.2977398633956909,"z":0.030113669112324716,"w":-0.9493655562400818},"size":1.0897247791290284,"orthographic":false}